[{"model": "auth.permission", "pk": 1, "fields": {"name": "Can add log entry", "content_type": 1, "codename": "add_logentry"}}, {"model": "auth.permission", "pk": 2, "fields": {"name": "Can change log entry", "content_type": 1, "codename": "change_logentry"}}, {"model": "auth.permission", "pk": 3, "fields": {"name": "Can delete log entry", "content_type": 1, "codename": "delete_logentry"}}, {"model": "auth.permission", "pk": 4, "fields": {"name": "Can view log entry", "content_type": 1, "codename": "view_logentry"}}, {"model": "auth.permission", "pk": 5, "fields": {"name": "Can add permission", "content_type": 2, "codename": "add_permission"}}, {"model": "auth.permission", "pk": 6, "fields": {"name": "Can change permission", "content_type": 2, "codename": "change_permission"}}, {"model": "auth.permission", "pk": 7, "fields": {"name": "Can delete permission", "content_type": 2, "codename": "delete_permission"}}, {"model": "auth.permission", "pk": 8, "fields": {"name": "Can view permission", "content_type": 2, "codename": "view_permission"}}, {"model": "auth.permission", "pk": 9, "fields": {"name": "Can add group", "content_type": 3, "codename": "add_group"}}, {"model": "auth.permission", "pk": 10, "fields": {"name": "Can change group", "content_type": 3, "codename": "change_group"}}, {"model": "auth.permission", "pk": 11, "fields": {"name": "Can delete group", "content_type": 3, "codename": "delete_group"}}, {"model": "auth.permission", "pk": 12, "fields": {"name": "Can view group", "content_type": 3, "codename": "view_group"}}, {"model": "auth.permission", "pk": 13, "fields": {"name": "Can add content type", "content_type": 4, "codename": "add_contenttype"}}, {"model": "auth.permission", "pk": 14, "fields": {"name": "Can change content type", "content_type": 4, "codename": "change_contenttype"}}, {"model": "auth.permission", "pk": 15, "fields": {"name": "Can delete content type", "content_type": 4, "codename": "delete_contenttype"}}, {"model": "auth.permission", "pk": 16, "fields": {"name": "Can view content type", "content_type": 4, "codename": "view_contenttype"}}, {"model": "auth.permission", "pk": 17, "fields": {"name": "Can add session", "content_type": 5, "codename": "add_session"}}, {"model": "auth.permission", "pk": 18, "fields": {"name": "Can change session", "content_type": 5, "codename": "change_session"}}, {"model": "auth.permission", "pk": 19, "fields": {"name": "Can delete session", "content_type": 5, "codename": "delete_session"}}, {"model": "auth.permission", "pk": 20, "fields": {"name": "Can view session", "content_type": 5, "codename": "view_session"}}, {"model": "auth.permission", "pk": 21, "fields": {"name": "Can add product", "content_type": 6, "codename": "add_product"}}, {"model": "auth.permission", "pk": 22, "fields": {"name": "Can change product", "content_type": 6, "codename": "change_product"}}, {"model": "auth.permission", "pk": 23, "fields": {"name": "Can delete product", "content_type": 6, "codename": "delete_product"}}, {"model": "auth.permission", "pk": 24, "fields": {"name": "Can view product", "content_type": 6, "codename": "view_product"}}, {"model": "auth.permission", "pk": 25, "fields": {"name": "Can add product category", "content_type": 7, "codename": "add_productcategory"}}, {"model": "auth.permission", "pk": 26, "fields": {"name": "Can change product category", "content_type": 7, "codename": "change_productcategory"}}, {"model": "auth.permission", "pk": 27, "fields": {"name": "Can delete product category", "content_type": 7, "codename": "delete_productcategory"}}, {"model": "auth.permission", "pk": 28, "fields": {"name": "Can view product category", "content_type": 7, "codename": "view_productcategory"}}, {"model": "auth.permission", "pk": 29, "fields": {"name": "Can add user", "content_type": 8, "codename": "add_shopuser"}}, {"model": "auth.permission", "pk": 30, "fields": {"name": "Can change user", "content_type": 8, "codename": "change_shopuser"}}, {"model": "auth.permission", "pk": 31, "fields": {"name": "Can delete user", "content_type": 8, "codename": "delete_shopuser"}}, {"model": "auth.permission", "pk": 32, "fields": {"name": "Can view user", "content_type": 8, "codename": "view_shopuser"}}, {"model": "auth.permission", "pk": 33, "fields": {"name": "Can add basket", "content_type": 9, "codename": "add_basket"}}, {"model": "auth.permission", "pk": 34, "fields": {"name": "Can change basket", "content_type": 9, "codename": "change_basket"}}, {"model": "auth.permission", "pk": 35, "fields": {"name": "Can delete basket", "content_type": 9, "codename": "delete_basket"}}, {"model": "auth.permission", "pk": 36, "fields": {"name": "Can view basket", "content_type": 9, "codename": "view_basket"}}, {"model": "auth.permission", "pk": 37, "fields": {"name": "Can add association", "content_type": 10, "codename": "add_association"}}, {"model": "auth.permission", "pk": 38, "fields": {"name": "Can change association", "content_type": 10, "codename": "change_association"}}, {"model": "auth.permission", "pk": 39, "fields": {"name": "Can delete association", "content_type": 10, "codename": "delete_association"}}, {"model": "auth.permission", "pk": 40, "fields": {"name": "Can view association", "content_type": 10, "codename": "view_association"}}, {"model": "auth.permission", "pk": 41, "fields": {"name": "Can add code", "content_type": 11, "codename": "add_code"}}, {"model": "auth.permission", "pk": 42, "fields": {"name": "Can change code", "content_type": 11, "codename": "change_code"}}, {"model": "auth.permission", "pk": 43, "fields": {"name": "Can delete code", "content_type": 11, "codename": "delete_code"}}, {"model": "auth.permission", "pk": 44, "fields": {"name": "Can view code", "content_type": 11, "codename": "view_code"}}, {"model": "auth.permission", "pk": 45, "fields": {"name": "Can add nonce", "content_type": 12, "codename": "add_nonce"}}, {"model": "auth.permission", "pk": 46, "fields": {"name": "Can change nonce", "content_type": 12, "codename": "change_nonce"}}, {"model": "auth.permission", "pk": 47, "fields": {"name": "Can delete nonce", "content_type": 12, "codename": "delete_nonce"}}, {"model": "auth.permission", "pk": 48, "fields": {"name": "Can view nonce", "content_type": 12, "codename": "view_nonce"}}, {"model": "auth.permission", "pk": 49, "fields": {"name": "Can add user social auth", "content_type": 13, "codename": "add_usersocialauth"}}, {"model": "auth.permission", "pk": 50, "fields": {"name": "Can change user social auth", "content_type": 13, "codename": "change_usersocialauth"}}, {"model": "auth.permission", "pk": 51, "fields": {"name": "Can delete user social auth", "content_type": 13, "codename": "delete_usersocialauth"}}, {"model": "auth.permission", "pk": 52, "fields": {"name": "Can view user social auth", "content_type": 13, "codename": "view_usersocialauth"}}, {"model": "auth.permission", "pk": 53, "fields": {"name": "Can add partial", "content_type": 14, "codename": "add_partial"}}, {"model": "auth.permission", "pk": 54, "fields": {"name": "Can change partial", "content_type": 14, "codename": "change_partial"}}, {"model": "auth.permission", "pk": 55, "fields": {"name": "Can delete partial", "content_type": 14, "codename": "delete_partial"}}, {"model": "auth.permission", "pk": 56, "fields": {"name": "Can view partial", "content_type": 14, "codename": "view_partial"}}, {"model": "auth.permission", "pk": 57, "fields": {"name": "Can add shop user profile", "content_type": 15, "codename": "add_shopuserprofile"}}, {"model": "auth.permission", "pk": 58, "fields": {"name": "Can change shop user profile", "content_type": 15, "codename": "change_shopuserprofile"}}, {"model": "auth.permission", "pk": 59, "fields": {"name": "Can delete shop user profile", "content_type": 15, "codename": "delete_shopuserprofile"}}, {"model": "auth.permission", "pk": 60, "fields": {"name": "Can view shop user profile", "content_type": 15, "codename": "view_shopuserprofile"}}, {"model": "auth.permission", "pk": 61, "fields": {"name": "Can add order", "content_type": 16, "codename": "add_order"}}, {"model": "auth.permission", "pk": 62, "fields": {"name": "Can change order", "content_type": 16, "codename": "change_order"}}, {"model": "auth.permission", "pk": 63, "fields": {"name": "Can delete order", "content_type": 16, "codename": "delete_order"}}, {"model": "auth.permission", "pk": 64, "fields": {"name": "Can view order", "content_type": 16, "codename": "view_order"}}, {"model": "auth.permission", "pk": 65, "fields": {"name": "Can add order item", "content_type": 17, "codename": "add_orderitem"}}, {"model": "auth.permission", "pk": 66, "fields": {"name": "Can change order item", "content_type": 17, "codename": "change_orderitem"}}, {"model": "auth.permission", "pk": 67, "fields": {"name": "Can delete order item", "content_type": 17, "codename": "delete_orderitem"}}, {"model": "auth.permission", "pk": 68, "fields": {"name": "Can view order item", "content_type": 17, "codename": "view_orderitem"}}, {"model": "sessions.session", "pk": "0bx91tos183ah8m1d4ghddh6h5knucho", "fields": {"session_data": "MzkwMjgwOTkxMmU2MTYxNzdkNmIzOWZjNGE1N2Y0MzM3OGI4OThhMTp7fQ==", "expire_date": "2019-07-10T09:07:45.846Z"}}, {"model": "sessions.session", "pk": "1d8xx545fen5dtgtpnrmvpklz2u5nyyi", "fields": {"session_data": "OGU5OGM3ZDIzYzVkYjgyM2U5NjZiODQ1MGFkMWJmYTNjNDA4M2JhYzp7Il9hdXRoX3VzZXJfaWQiOiIxIiwiX2F1dGhfdXNlcl9iYWNrZW5kIjoiZGphbmdvLmNvbnRyaWIuYXV0aC5iYWNrZW5kcy5Nb2RlbEJhY2tlbmQiLCJfYXV0aF91c2VyX2hhc2giOiIwMzA4ODg2MzJjNjY0OWYyYzA5NzEyMjA3OTQ3OTYyZWM0YTBmZGFmIn0=", "expire_date": "2019-07-07T14:23:46.412Z"}}, {"model": "sessions.session", "pk": "1g1yo0k4h488fm55s8s3mkuy9repjmst", "fields": {"session_data": "ZjkyYzY4MTY1OThmYWQ2NzExNzg0ODdiYjBhMWRhNDhiNTIwNjE2OTp7Il9hdXRoX3VzZXJfaWQiOiIxIiwiX2F1dGhfdXNlcl9iYWNrZW5kIjoiZGphbmdvLmNvbnRyaWIuYXV0aC5iYWNrZW5kcy5Nb2RlbEJhY2tlbmQiLCJfYXV0aF91c2VyX2hhc2giOiIwMGMzYjlhZmFmMjVhZjFjZjk1YWQwNTI1MmI0MTEzMjFmNmE3NTJlIn0=", "expire_date": "2019-06-19T18:40:20.617Z"}}, {"model": "sessions.session", "pk": "1wi383w0t7wjf9zge1e00e5uev257fpw", "fields": {"session_data": "OGM3ZmE2YmRkNGM1YzRhZGJmMmFlMTFkOGM4ODc2NzkyNzI2NmQ4Mjp7Im5leHQiOiIvIiwidmstb2F1dGgyX3N0YXRlIjoiRzNqcjJKdmlRVG9NWk9rcmtwUnhxamJCaHk3aktQSm4iLCJfYXV0aF91c2VyX2lkIjoiOCIsIl9hdXRoX3VzZXJfYmFja2VuZCI6InNvY2lhbF9jb3JlLmJhY2tlbmRzLnZrLlZLT0F1dGgyIiwiX2F1dGhfdXNlcl9oYXNoIjoiZTY1NjMzMWI3MzI0Yjk5NzUzYjAzZDBlZDRkMjA4MjVjOTJlZTgyMiIsInNvY2lhbF9hdXRoX2xhc3RfbG9naW5fYmFja2VuZCI6InZrLW9hdXRoMiJ9", "expire_date": "2019-07-10T10:24:09.411Z"}}, {"model": "sessions.session", "pk": "836wlsg4ixsolkvgnseml2pz23dwk2dq", "fields": {"session_data": "MDE4YWJjZGZkNWVkZjViNDZjNDYzMmI2Y2M3YTZlYzY0YjkyZDJiZjp7Im5leHQiOiIvIiwidmstb2F1dGgyX3N0YXRlIjoia1hDWFVsZE14UWxobVMxamo1aWwwQVhmNzF3enp3djIifQ==", "expire_date": "2019-07-10T10:38:42.734Z"}}, {"model": "sessions.session", "pk": "8ulj8382reelugzwknlwkrjnirbyfnwl", "fields": {"session_data": "OGU5OGM3ZDIzYzVkYjgyM2U5NjZiODQ1MGFkMWJmYTNjNDA4M2JhYzp7Il9hdXRoX3VzZXJfaWQiOiIxIiwiX2F1dGhfdXNlcl9iYWNrZW5kIjoiZGphbmdvLmNvbnRyaWIuYXV0aC5iYWNrZW5kcy5Nb2RlbEJhY2tlbmQiLCJfYXV0aF91c2VyX2hhc2giOiIwMzA4ODg2MzJjNjY0OWYyYzA5NzEyMjA3OTQ3OTYyZWM0YTBmZGFmIn0=", "expire_date": "2019-07-17T10:42:18.451Z"}}, {"model": "sessions.session", "pk": "cngxr0srmm74jnqs50cv2rw66lj18d40", "fields": {"session_data": "ZjkyYzY4MTY1OThmYWQ2NzExNzg0ODdiYjBhMWRhNDhiNTIwNjE2OTp7Il9hdXRoX3VzZXJfaWQiOiIxIiwiX2F1dGhfdXNlcl9iYWNrZW5kIjoiZGphbmdvLmNvbnRyaWIuYXV0aC5iYWNrZW5kcy5Nb2RlbEJhY2tlbmQiLCJfYXV0aF91c2VyX2hhc2giOiIwMGMzYjlhZmFmMjVhZjFjZjk1YWQwNTI1MmI0MTEzMjFmNmE3NTJlIn0=", "expire_date": "2019-06-30T10:03:03.878Z"}}, {"model": "sessions.session", "pk": "djbnr37vob9pn1rr1a50xdstw45fgrgl", "fields": {"session_data": "ZjkyYzY4MTY1OThmYWQ2NzExNzg0ODdiYjBhMWRhNDhiNTIwNjE2OTp7Il9hdXRoX3VzZXJfaWQiOiIxIiwiX2F1dGhfdXNlcl9iYWNrZW5kIjoiZGphbmdvLmNvbnRyaWIuYXV0aC5iYWNrZW5kcy5Nb2RlbEJhY2tlbmQiLCJfYXV0aF91c2VyX2hhc2giOiIwMGMzYjlhZmFmMjVhZjFjZjk1YWQwNTI1MmI0MTEzMjFmNmE3NTJlIn0=", "expire_date": "2019-06-26T12:26:17.197Z"}}, {"model": "sessions.session", "pk": "f4rcez68so7zsebkgy3w032z1na4tzsj", "fields": {"session_data": "ZjkyYzY4MTY1OThmYWQ2NzExNzg0ODdiYjBhMWRhNDhiNTIwNjE2OTp7Il9hdXRoX3VzZXJfaWQiOiIxIiwiX2F1dGhfdXNlcl9iYWNrZW5kIjoiZGphbmdvLmNvbnRyaWIuYXV0aC5iYWNrZW5kcy5Nb2RlbEJhY2tlbmQiLCJfYXV0aF91c2VyX2hhc2giOiIwMGMzYjlhZmFmMjVhZjFjZjk1YWQwNTI1MmI0MTEzMjFmNmE3NTJlIn0=", "expire_date": "2019-06-30T10:00:01.839Z"}}, {"model": "sessions.session", "pk": "g5bfoi88nbq3nb6rg079axrhz1ps0rfs", "fields": {"session_data": "ZjkyYzY4MTY1OThmYWQ2NzExNzg0ODdiYjBhMWRhNDhiNTIwNjE2OTp7Il9hdXRoX3VzZXJfaWQiOiIxIiwiX2F1dGhfdXNlcl9iYWNrZW5kIjoiZGphbmdvLmNvbnRyaWIuYXV0aC5iYWNrZW5kcy5Nb2RlbEJhY2tlbmQiLCJfYXV0aF91c2VyX2hhc2giOiIwMGMzYjlhZmFmMjVhZjFjZjk1YWQwNTI1MmI0MTEzMjFmNmE3NTJlIn0=", "expire_date": "2019-06-19T17:39:35.491Z"}}, {"model": "sessions.session", "pk": "ic8k6zhlydvatnqhws8wzd4a6qwyxn69", "fields": {"session_data": "ZjkyYzY4MTY1OThmYWQ2NzExNzg0ODdiYjBhMWRhNDhiNTIwNjE2OTp7Il9hdXRoX3VzZXJfaWQiOiIxIiwiX2F1dGhfdXNlcl9iYWNrZW5kIjoiZGphbmdvLmNvbnRyaWIuYXV0aC5iYWNrZW5kcy5Nb2RlbEJhY2tlbmQiLCJfYXV0aF91c2VyX2hhc2giOiIwMGMzYjlhZmFmMjVhZjFjZjk1YWQwNTI1MmI0MTEzMjFmNmE3NTJlIn0=", "expire_date": "2019-06-26T13:50:19.002Z"}}, {"model": "sessions.session", "pk": "o0negmq10fc7bvhs06o0jynjmkd0g64q", "fields": {"session_data": "Y2EwODJjNWM0N2ExN2Y5ZTIxZGIwNmE1MWExNTQ1ODEzOWY5ZTBhNTp7Il9hdXRoX3VzZXJfaWQiOiIyIiwiX2F1dGhfdXNlcl9iYWNrZW5kIjoiZGphbmdvLmNvbnRyaWIuYXV0aC5iYWNrZW5kcy5Nb2RlbEJhY2tlbmQiLCJfYXV0aF91c2VyX2hhc2giOiIyZTdlYWM1ZWUyM2JkM2ExODE2MWUxMDkzZTRmNDRkYTUzZTgwNzNhIn0=", "expire_date": "2019-06-26T13:33:25.916Z"}}, {"model": "sessions.session", "pk": "qbdqeoyeqo44j4h0p69vochl2lryek5f", "fields": {"session_data": "NWNkY2Y3MjY2NmI3ZGJmZTBmOGJjYmZhZTc1NTk0ZTdkYjMyOWU2Yzp7Im5leHQiOiIvIiwidmstb2F1dGgyX3N0YXRlIjoid3gzUFVqWEtQS1N1MGYxV3p2T2V3SXBjdWowNEo3cjYifQ==", "expire_date": "2019-07-10T10:29:36.421Z"}}, {"model": "sessions.session", "pk": "s9rommv8zx8chvd615u5paima3ouazz1", "fields": {"session_data": "OGQ2ZjFlMGRjNzk4MDYxMzU1ZGNjZTkyMGIzNjQ5OTk5NjNhMjg1ZDp7Im5leHQiOiIvIiwidmstb2F1dGgyX3N0YXRlIjoiamU1VXY0OWtOSGoxM2h3TmQ3TFc3VUFyMkhPRXgxN2ciLCJfYXV0aF91c2VyX2lkIjoiMyIsIl9hdXRoX3VzZXJfYmFja2VuZCI6InNvY2lhbF9jb3JlLmJhY2tlbmRzLnZrLlZLT0F1dGgyIiwiX2F1dGhfdXNlcl9oYXNoIjoiZjQzNTg4NTI1NjJkY2I2N2ZlMWY4Nzc5MDFiZmYxNWE1ODRmOTg3MCIsInNvY2lhbF9hdXRoX2xhc3RfbG9naW5fYmFja2VuZCI6InZrLW9hdXRoMiJ9", "expire_date": "2019-07-10T08:08:22.849Z"}}, {"model": "sessions.session", "pk": "sf60l4p8r2oiopbc4i3d13bdmbmz0h5r", "fields": {"session_data": "ZjkyYzY4MTY1OThmYWQ2NzExNzg0ODdiYjBhMWRhNDhiNTIwNjE2OTp7Il9hdXRoX3VzZXJfaWQiOiIxIiwiX2F1dGhfdXNlcl9iYWNrZW5kIjoiZGphbmdvLmNvbnRyaWIuYXV0aC5iYWNrZW5kcy5Nb2RlbEJhY2tlbmQiLCJfYXV0aF91c2VyX2hhc2giOiIwMGMzYjlhZmFmMjVhZjFjZjk1YWQwNTI1MmI0MTEzMjFmNmE3NTJlIn0=", "expire_date": "2019-06-28T09:15:38.684Z"}}, {"model": "sessions.session", "pk": "sk2mwfj17oovemqmd54kruedhejk4or1", "fields": {"session_data": "ZjkyYzY4MTY1OThmYWQ2NzExNzg0ODdiYjBhMWRhNDhiNTIwNjE2OTp7Il9hdXRoX3VzZXJfaWQiOiIxIiwiX2F1dGhfdXNlcl9iYWNrZW5kIjoiZGphbmdvLmNvbnRyaWIuYXV0aC5iYWNrZW5kcy5Nb2RlbEJhY2tlbmQiLCJfYXV0aF91c2VyX2hhc2giOiIwMGMzYjlhZmFmMjVhZjFjZjk1YWQwNTI1MmI0MTEzMjFmNmE3NTJlIn0=", "expire_date": "2019-06-19T11:14:08.896Z"}}, {"model": "sessions.session", "pk": "tgcjs36ld1k52k4baj861hyp3q6t8i4i", "fields": {"session_data": "ZjkyYzY4MTY1OThmYWQ2NzExNzg0ODdiYjBhMWRhNDhiNTIwNjE2OTp7Il9hdXRoX3VzZXJfaWQiOiIxIiwiX2F1dGhfdXNlcl9iYWNrZW5kIjoiZGphbmdvLmNvbnRyaWIuYXV0aC5iYWNrZW5kcy5Nb2RlbEJhY2tlbmQiLCJfYXV0aF91c2VyX2hhc2giOiIwMGMzYjlhZmFmMjVhZjFjZjk1YWQwNTI1MmI0MTEzMjFmNmE3NTJlIn0=", "expire_date": "2019-06-26T12:02:07.266Z"}}, {"model": "sessions.session", "pk": "u5twnnw2hg9q8guo2ykhxp1oqzvhkqxo", "fields": {"session_data": "MzkwMjgwOTkxMmU2MTYxNzdkNmIzOWZjNGE1N2Y0MzM3OGI4OThhMTp7fQ==", "expire_date": "2019-07-07T13:10:53.062Z"}}, {"model": "sessions.session", "pk": "ucuv0l7x1zjhbzm6ifz4y1e9fdxw25iu", "fields": {"session_data": "MzY3OGFiZDk0ZGViNWNiMjg5NzY4MTllMmZjYzkyMWRiZDczNDI5Nzp7Im5leHQiOiIvIiwidmstb2F1dGgyX3N0YXRlIjoiaXF0Z1ZSc09qV29OOHZaTVgzVzhBOENZTkdDdUNkUzUifQ==", "expire_date": "2019-07-10T10:00:32.559Z"}}, {"model": "sessions.session", "pk": "wz8ihc6yo7ley54pmx6chphb2yatxgla", "fields": {"session_data": "ZjkyYzY4MTY1OThmYWQ2NzExNzg0ODdiYjBhMWRhNDhiNTIwNjE2OTp7Il9hdXRoX3VzZXJfaWQiOiIxIiwiX2F1dGhfdXNlcl9iYWNrZW5kIjoiZGphbmdvLmNvbnRyaWIuYXV0aC5iYWNrZW5kcy5Nb2RlbEJhY2tlbmQiLCJfYXV0aF91c2VyX2hhc2giOiIwMGMzYjlhZmFmMjVhZjFjZjk1YWQwNTI1MmI0MTEzMjFmNmE3NTJlIn0=", "expire_date": "2019-06-22T14:10:16.753Z"}}, {"model": "sessions.session", "pk": "zkpas5cxwu2pkhawquq7i4m6092e51c3", "fields": {"session_data": "Y2ZlMjMyMmEwNjMzMzBmZjY0ZDhkNjhiZGQxNjA3OTg0NjhlMTExMTp7Im5leHQiOiIvIiwidmstb2F1dGgyX3N0YXRlIjoiY2R6b3ZuQjZOak05UHF2Y3JQaU1pNEtMWDVqeW5VMVoifQ==", "expire_date": "2019-07-10T10:02:31.097Z"}}, {"model": "mainapp.productcategory", "pk": 1, "fields": {"name": "Home", "description": "", "is_active": true}}, {"model": "mainapp.productcategory", "pk": 2, "fields": {"name": "Office", "description": "", "is_active": true}}, {"model": "mainapp.productcategory", "pk": 3, "fields": {"name": "Modern", "description": "", "is_active": true}}, {"model": "mainapp.productcategory", "pk": 5, "fields": {"name": "Classic", "description": "", "is_active": true}}, {"model": "mainapp.productcategory", "pk": 6, "fields": {"name": "Sport", "description": "", "is_active": false}}, {"model": "mainapp.product", "pk": 1, "fields": {"category": 1, "name": "\u0421\u0442\u0443\u043b", "image": "products_images/product-4_1IkMq9Q.jpg", "short_desc": "", "description": "\u041e\u0447\u0435\u043d\u044c \u0443\u0434\u043e\u0431\u043d\u044b\u0439 \u0441\u0442\u0443\u043b, \u043e\u0442\u043b\u0438\u0447\u043d\u043e \u043f\u043e\u0434\u043e\u0439\u0434\u0435\u0442 \u043a\u0430\u043a \u0434\u043b\u044f \u0433\u043e\u0441\u0442\u0438\u043d\u043e\u0439 , \u0442\u0430\u043a \u0438 \u0434\u043b\u044f \u043a\u0430\u0431\u0438\u043d\u0435\u0442\u0430", "price": "5768.00", "quantity": 21, "is_active": true}}, {"model": "mainapp.product", "pk": 2, "fields": {"category": 3, "name": "\u0422\u043e\u0440\u0448\u0435\u0440", "image": "products_images/product-1_isAL1Gg.jpg", "short_desc": "", "description": "\u041f\u0440\u0435\u043a\u0440\u0430\u0441\u043d\u043e \u043f\u043e\u0434\u043e\u0439\u0434\u0435\u0442 \u0432 \u043a\u0430\u0447\u0435\u0441\u0442\u0432\u0435 \u043d\u043e\u0447\u043d\u0438\u043a\u0430", "price": "3400.00", "quantity": 80, "is_active": true}}, {"model": "mainapp.product", "pk": 3, "fields": {"category": 2, "name": "\u0414\u0432\u0430 \u043a\u0440\u0435\u0441\u043b\u0430", "image": "products_images/product-2_LXUl3C3.jpg", "short_desc": "", "description": "\u041a\u043e\u043c\u043f\u043b\u0435\u043a\u0442 \u043a\u0440\u0435\u0441\u0435\u043b \u0443\u0434\u0430\u0447\u043d\u043e \u0432\u043f\u0438\u0448\u0443\u0442\u044c\u0441\u044f \u0432 \u043b\u044e\u0431\u043e\u0439 \u0438\u043d\u0442\u0435\u0440\u044c\u0435\u0440", "price": "25000.00", "quantity": 16, "is_active": true}}, {"model": "mainapp.product", "pk": 4, "fields": {"category": 5, "name": "\u0427\u0430\u0439\u043d\u0438\u043a", "image": "products_images/product-3_lZQdm32.jpg", "short_desc": "", "description": "\u0412\u0441\u0435\u0433\u0434\u0430 \u043f\u0440\u0438\u044f\u0442\u043d\u043e \u0438 \u043f\u043e\u043b\u0435\u0437\u043d\u043e \u0438\u043c\u0435\u0442\u044c \u043f\u043e\u0434 \u0440\u0443\u043a\u043e\u0439", "price": "800.00", "quantity": 122, "is_active": true}}, {"model": "mainapp.product", "pk": 5, "fields": {"category": 1, "name": "\u041b\u0430\u043c\u043f\u0430", "image": "products_images/product-11.jpg", "short_desc": "", "description": "\u041a\u0440\u0430\u0441\u0438\u0432\u043e\u0435 \u043e\u0441\u0432\u0435\u0449\u0435\u043d\u0438\u0435 \u043d\u0430\u0434 \u0441\u0442\u043e\u043b\u043e\u043c", "price": "1500.00", "quantity": 48, "is_active": true}}, {"model": "mainapp.product", "pk": 6, "fields": {"category": 3, "name": "\u041a\u0440\u0435\u0441\u043b\u043e (\u0431\u0435\u043b\u043e\u0435)", "image": "products_images/product-21.jpg", "short_desc": "", "description": "", "price": "5000.00", "quantity": 124, "is_active": true}}, {"model": "mainapp.product", "pk": 7, "fields": {"category": 5, "name": "\u041b\u0430\u043c\u043f\u0430", "image": "products_images/product-31.jpg", "short_desc": "", "description": "", "price": "2000.00", "quantity": 235, "is_active": true}}, {"model": "mainapp.product", "pk": 8, "fields": {"category": 2, "name": "\u0421\u0432\u0435\u0442\u0438\u043b\u044c\u043d\u0438\u043a \u043d\u0430 \u0441\u0442\u0435\u043d\u0443", "image": "products_images/product-41.jpg", "short_desc": "", "description": "", "price": "3000.00", "quantity": 323, "is_active": true}}, {"model": "mainapp.product", "pk": 9, "fields": {"category": 1, "name": "\u0421\u0442\u0443\u043f\u043a\u0430", "image": "products_images/product-51_50Wjmz9.jpg", "short_desc": "", "description": "", "price": "970.00", "quantity": 56, "is_active": true}}, {"model": "mainapp.product", "pk": 10, "fields": {"category": 2, "name": "\u0412\u0430\u0437\u0430", "image": "products_images/product-61.jpg", "short_desc": "", "description": "", "price": "3540.00", "quantity": 41, "is_active": true}}, {"model": "mainapp.product", "pk": 11, "fields": {"category": 1, "name": "GeekGood", "image": "", "short_desc": "GeekGood", "description": "GeekGood", "price": "1234.00", "quantity": 105, "is_active": true}}, {"model": "authapp.shopuser", "pk": 1, "fields": {"password": "pbkdf2_sha256$150000$DqhMG3FUqsNv$Q7fuTu+oYur2PXK4Yil6pI70IOXO04Fft3broPBaviw=", "last_login": "2019-07-03T10:42:18.441Z", "is_superuser": true, "username": "django", "first_name": "DJANGO", "last_name": "", "is_staff": true, "is_active": true, "date_joined": "2019-06-05T10:42:33Z", "avatar": "users_avatar/25231.jpg", "age": 49, "activation_key": "", "activation_key_expire": "2019-06-25T11:13:19.769Z", "email": "django@geekshop.local", "groups": [], "user_permissions": []}}, {"model": "authapp.shopuser", "pk": 2, "fields": {"password": "pbkdf2_sha256$150000$IAkFjU7HyhCh$didmmYAz08nR6idmK3zZt1tkcehWJpY7gNttdgrOa34=", "last_login": "2019-06-25T18:29:00Z", "is_superuser": false, "username": "VIP324", "first_name": "Ilya", "last_name": "", "is_staff": false, "is_active": true, "date_joined": "2019-06-07T08:47:34Z", "avatar": "users_avatar/28411.jpg", "age": 33, "activation_key": "", "activation_key_expire": "2019-06-25T11:13:19Z", "email": "givpost@yahoo.com", "groups": [], "user_permissions": []}}, {"model": "authapp.shopuser", "pk": 8, "fields": {"password": "!wTSbfmr0cbfO4p4TVIhELv8ldcDBU18r542Qrb5Z", "last_login": "2019-07-01T15:49:16.647Z", "is_superuser": false, "username": "id550583125", "first_name": "Ilya", "last_name": "Gordeev", "is_staff": false, "is_active": true, "date_joined": "2019-06-26T10:06:26Z", "avatar": "users_avatar/28412_tph80Ry.png", "age": 49, "activation_key": "", "activation_key_expire": "2019-06-28T10:05:31Z", "email": "givpost@gmail.com", "groups": [], "user_permissions": []}}, {"model": "authapp.shopuserprofile", "pk": 1, "fields": {"user": 1, "tagline": "", "aboutMe": "sOUHAops qwj'ri   ;wk; lldkfnqwerkjqwer  wqekjhkjwqhr   wqekjhekwqjfhqwejhfqkwjefhkwqjhfekjhfkjwqhefkhjf", "gender": "M"}}, {"model": "authapp.shopuserprofile", "pk": 2, "fields": {"user": 2, "tagline": "", "aboutMe": "", "gender": ""}}, {"model": "authapp.shopuserprofile", "pk": 8, "fields": {"user": 8, "tagline": "", "aboutMe": "\u0416\u0438\u0432\u0443 \u0438 \u043f\u043e\u043b\u0443\u0447\u0430\u044e \u0443\u0434\u043e\u0432\u043e\u043b\u044c\u0441\u0442\u0432\u0438\u0435!!!", "gender": "M"}}, {"model": "social_django.usersocialauth", "pk": 2, "fields": {"user": 8, "provider": "vk-oauth2", "uid": "550583125", "extra_data": "{\"auth_time\": 1561996156, \"id\": 550583125, \"expires\": 86400, \"access_token\": \"2d86a2ad65f471da1297cbef90be6cb532602924246dbbeeec4eb632fe0036cc9035e542549198a787ab7\", \"token_type\": null}"}}, {"model": "ordersapp.order", "pk": 1, "fields": {"user": 1, "created": "2019-06-29T16:52:07.737Z", "updated": "2019-06-29T16:52:07.750Z", "status": "FM", "is_active": false}}, {"model": "ordersapp.order", "pk": 2, "fields": {"user": 1, "created": "2019-06-29T16:52:42.671Z", "updated": "2019-06-29T16:56:22.572Z", "status": "FM", "is_active": false}}, {"model": "ordersapp.order", "pk": 3, "fields": {"user": 1, "created": "2019-06-29T16:53:07.755Z", "updated": "2019-06-29T16:56:11.305Z", "status": "STP", "is_active": true}}, {"model": "ordersapp.order", "pk": 4, "fields": {"user": 1, "created": "2019-06-29T16:56:56.093Z", "updated": "2019-06-29T17:03:16.654Z", "status": "FM", "is_active": false}}, {"model": "ordersapp.order", "pk": 5, "fields": {"user": 1, "created": "2019-06-29T17:02:43.151Z", "updated": "2019-06-29T17:03:38.057Z", "status": "STP", "is_active": true}}, {"model": "ordersapp.order", "pk": 6, "fields": {"user": 1, "created": "2019-06-29T17:20:38.145Z", "updated": "2019-06-29T17:20:38.163Z", "status": "FM", "is_active": false}}, {"model": "ordersapp.order", "pk": 7, "fields": {"user": 1, "created": "2019-07-01T08:19:55.677Z", "updated": "2019-07-01T08:27:42.419Z", "status": "STP", "is_active": true}}, {"model": "ordersapp.order", "pk": 8, "fields": {"user": 1, "created": "2019-07-01T08:27:05.675Z", "updated": "2019-07-03T14:10:28.216Z", "status": "FM", "is_active": false}}, {"model": "ordersapp.order", "pk": 9, "fields": {"user": 8, "created": "2019-07-01T08:38:48.201Z", "updated": "2019-07-01T15:49:39.774Z", "status": "FM", "is_active": true}}, {"model": "ordersapp.order", "pk": 10, "fields": {"user": 8, "created": "2019-07-01T08:39:41.135Z", "updated": "2019-07-01T08:39:53.360Z", "status": "STP", "is_active": true}}, {"model": "ordersapp.order", "pk": 11, "fields": {"user": 1, "created": "2019-07-03T13:14:10.388Z", "updated": "2019-07-03T14:10:25.175Z", "status": "FM", "is_active": false}}, {"model": "ordersapp.order", "pk": 12, "fields": {"user": 1, "created": "2019-07-03T13:29:29.576Z", "updated": "2019-07-05T15:25:39.379Z", "status": "FM", "is_active": true}}, {"model": "ordersapp.order", "pk": 13, "fields": {"user": 1, "created": "2019-07-03T14:25:15.589Z", "updated": "2019-07-03T14:25:49.409Z", "status": "STP", "is_active": true}}, {"model": "ordersapp.orderitem", "pk": 1, "fields": {"order": 2, "product": 8, "quantity": 2}}, {"model": "ordersapp.orderitem", "pk": 2, "fields": {"order": 2, "product": 6, "quantity": 1}}, {"model": "ordersapp.orderitem", "pk": 3, "fields": {"order": 2, "product": 2, "quantity": 1}}, {"model": "ordersapp.orderitem", "pk": 4, "fields": {"order": 3, "product": 5, "quantity": 3}}, {"model": "ordersapp.orderitem", "pk": 5, "fields": {"order": 3, "product": 1, "quantity": 4}}, {"model": "ordersapp.orderitem", "pk": 6, "fields": {"order": 4, "product": 1, "quantity": 3}}, {"model": "ordersapp.orderitem", "pk": 7, "fields": {"order": 4, "product": 3, "quantity": 4}}, {"model": "ordersapp.orderitem", "pk": 8, "fields": {"order": 5, "product": 9, "quantity": 1}}, {"model": "ordersapp.orderitem", "pk": 9, "fields": {"order": 7, "product": 1, "quantity": 1}}, {"model": "ordersapp.orderitem", "pk": 10, "fields": {"order": 7, "product": 4, "quantity": 1}}, {"model": "ordersapp.orderitem", "pk": 11, "fields": {"order": 8, "product": 2, "quantity": 2}}, {"model": "ordersapp.orderitem", "pk": 12, "fields": {"order": 8, "product": 7, "quantity": 1}}, {"model": "ordersapp.orderitem", "pk": 13, "fields": {"order": 9, "product": 9, "quantity": 1}}, {"model": "ordersapp.orderitem", "pk": 14, "fields": {"order": 9, "product": 3, "quantity": 5}}, {"model": "ordersapp.orderitem", "pk": 15, "fields": {"order": 9, "product": 4, "quantity": 1}}, {"model": "ordersapp.orderitem", "pk": 16, "fields": {"order": 10, "product": 10, "quantity": 2}}, {"model": "ordersapp.orderitem", "pk": 17, "fields": {"order": 10, "product": 7, "quantity": 5}}, {"model": "ordersapp.orderitem", "pk": 18, "fields": {"order": 11, "product": 1, "quantity": 5}}, {"model": "ordersapp.orderitem", "pk": 24, "fields": {"order": 12, "product": 8, "quantity": 1}}, {"model": "ordersapp.orderitem", "pk": 26, "fields": {"order": 13, "product": 1, "quantity": 2}}, {"model": "ordersapp.orderitem", "pk": 28, "fields": {"order": 12, "product": 1, "quantity": 6}}, {"model": "ordersapp.orderitem", "pk": 30, "fields": {"order": 12, "product": 11, "quantity": 5}}, {"model": "ordersapp.orderitem", "pk": 31, "fields": {"order": 12, "product": 10, "quantity": 9}}, {"model": "admin.logentry", "pk": 1, "fields": {"action_time": "2019-06-05T11:21:00.144Z", "user": 1, "content_type": 6, "object_id": "3", "object_repr": " \u0414\u0432\u0430 \u043a\u0440\u0435\u0441\u043b\u0430 ( \u041a\u0440\u0435\u0441\u043b\u0430 )", "action_flag": 2, "change_message": "[{\"changed\": {\"fields\": [\"image\", \"price\", \"quantity\"]}}]"}}, {"model": "admin.logentry", "pk": 2, "fields": {"action_time": "2019-06-05T11:21:21.683Z", "user": 1, "content_type": 6, "object_id": "4", "object_repr": " \u0427\u0430\u0439\u043d\u0438\u043a ( \u0410\u043a\u0441\u0435\u0441\u0441\u0443\u0430\u0440\u044b )", "action_flag": 2, "change_message": "[{\"changed\": {\"fields\": [\"image\", \"price\", \"quantity\"]}}]"}}, {"model": "admin.logentry", "pk": 3, "fields": {"action_time": "2019-06-05T11:21:57.632Z", "user": 1, "content_type": 6, "object_id": "2", "object_repr": " \u0422\u043e\u0440\u0448\u0435\u0440 ( \u041b\u0430\u043c\u043f\u044b )", "action_flag": 2, "change_message": "[{\"changed\": {\"fields\": [\"image\", \"description\", \"price\", \"quantity\"]}}]"}}, {"model": "admin.logentry", "pk": 4, "fields": {"action_time": "2019-06-05T11:23:11.365Z", "user": 1, "content_type": 6, "object_id": "1", "object_repr": " \u0421\u0442\u0443\u043b \u041e\u0444\u0438\u0441\u043d\u044b\u0439 ( \u0421\u0442\u0443\u043b\u044c\u044f )", "action_flag": 2, "change_message": "[{\"changed\": {\"fields\": [\"image\", \"short_desc\", \"description\", \"price\", \"quantity\"]}}]"}}, {"model": "admin.logentry", "pk": 5, "fields": {"action_time": "2019-06-05T11:24:01.624Z", "user": 1, "content_type": 6, "object_id": "4", "object_repr": " \u0427\u0430\u0439\u043d\u0438\u043a ( \u0410\u043a\u0441\u0435\u0441\u0441\u0443\u0430\u0440\u044b )", "action_flag": 2, "change_message": "[{\"changed\": {\"fields\": [\"short_desc\", \"description\"]}}]"}}, {"model": "admin.logentry", "pk": 6, "fields": {"action_time": "2019-06-05T11:24:18.817Z", "user": 1, "content_type": 6, "object_id": "3", "object_repr": " \u0414\u0432\u0430 \u043a\u0440\u0435\u0441\u043b\u0430 ( \u041a\u0440\u0435\u0441\u043b\u0430 )", "action_flag": 2, "change_message": "[{\"changed\": {\"fields\": [\"short_desc\", \"description\"]}}]"}}, {"model": "admin.logentry", "pk": 7, "fields": {"action_time": "2019-06-05T11:24:26.297Z", "user": 1, "content_type": 6, "object_id": "2", "object_repr": " \u0422\u043e\u0440\u0448\u0435\u0440 ( \u041b\u0430\u043c\u043f\u044b )", "action_flag": 2, "change_message": "[{\"changed\": {\"fields\": [\"short_desc\"]}}]"}}, {"model": "admin.logentry", "pk": 8, "fields": {"action_time": "2019-06-05T11:24:36.928Z", "user": 1, "content_type": 6, "object_id": "1", "object_repr": " \u0421\u0442\u0443\u043b \u041e\u0444\u0438\u0441\u043d\u044b\u0439 ( \u0421\u0442\u0443\u043b\u044c\u044f )", "action_flag": 2, "change_message": "[{\"changed\": {\"fields\": [\"short_desc\"]}}]"}}, {"model": "admin.logentry", "pk": 9, "fields": {"action_time": "2019-06-05T18:40:48.593Z", "user": 1, "content_type": 7, "object_id": "4", "object_repr": "Modern", "action_flag": 2, "change_message": "[{\"changed\": {\"fields\": [\"name\"]}}]"}}, {"model": "admin.logentry", "pk": 10, "fields": {"action_time": "2019-06-05T18:41:47.479Z", "user": 1, "content_type": 7, "object_id": "4", "object_repr": "Furniture", "action_flag": 2, "change_message": "[{\"changed\": {\"fields\": [\"name\"]}}]"}}, {"model": "admin.logentry", "pk": 11, "fields": {"action_time": "2019-06-05T18:42:01.688Z", "user": 1, "content_type": 7, "object_id": "3", "object_repr": "Modern", "action_flag": 2, "change_message": "[{\"changed\": {\"fields\": [\"name\"]}}]"}}, {"model": "admin.logentry", "pk": 12, "fields": {"action_time": "2019-06-05T18:42:19.282Z", "user": 1, "content_type": 7, "object_id": "1", "object_repr": "Home", "action_flag": 2, "change_message": "[{\"changed\": {\"fields\": [\"name\"]}}]"}}, {"model": "admin.logentry", "pk": 13, "fields": {"action_time": "2019-06-05T18:42:33.353Z", "user": 1, "content_type": 7, "object_id": "2", "object_repr": "Office", "action_flag": 2, "change_message": "[{\"changed\": {\"fields\": [\"name\"]}}]"}}, {"model": "admin.logentry", "pk": 14, "fields": {"action_time": "2019-06-05T18:43:04.288Z", "user": 1, "content_type": 7, "object_id": "5", "object_repr": "Classic", "action_flag": 1, "change_message": "[{\"added\": {}}]"}}, {"model": "admin.logentry", "pk": 15, "fields": {"action_time": "2019-06-05T18:44:37.290Z", "user": 1, "content_type": 6, "object_id": "1", "object_repr": " \u0421\u0442\u0443\u043b ( Home )", "action_flag": 2, "change_message": "[{\"changed\": {\"fields\": [\"name\", \"description\"]}}]"}}, {"model": "admin.logentry", "pk": 16, "fields": {"action_time": "2019-06-05T18:46:21.705Z", "user": 1, "content_type": 6, "object_id": "5", "object_repr": " \u041b\u0430\u043c\u043f\u0430 ( Furniture )", "action_flag": 1, "change_message": "[{\"added\": {}}]"}}, {"model": "admin.logentry", "pk": 17, "fields": {"action_time": "2019-06-05T18:48:02.729Z", "user": 1, "content_type": 6, "object_id": "6", "object_repr": " \u041a\u0440\u0435\u0441\u043b\u043e (\u0431\u0435\u043b\u043e\u0435) ( Modern )", "action_flag": 1, "change_message": "[{\"added\": {}}]"}}, {"model": "admin.logentry", "pk": 18, "fields": {"action_time": "2019-06-05T18:49:06.224Z", "user": 1, "content_type": 6, "object_id": "7", "object_repr": " \u041b\u0430\u043c\u043f\u0430 ( Classic )", "action_flag": 1, "change_message": "[{\"added\": {}}]"}}, {"model": "admin.logentry", "pk": 19, "fields": {"action_time": "2019-06-05T18:50:01.370Z", "user": 1, "content_type": 6, "object_id": "8", "object_repr": " \u0421\u0432\u0435\u0442\u0438\u043b\u044c\u043d\u0438\u043a \u043d\u0430 \u0441\u0442\u0435\u043d\u0443 ( Home )", "action_flag": 1, "change_message": "[{\"added\": {}}]"}}, {"model": "admin.logentry", "pk": 20, "fields": {"action_time": "2019-06-05T18:50:46.675Z", "user": 1, "content_type": 6, "object_id": "9", "object_repr": " \u0421\u0442\u0443\u043f\u043a\u0430 ( Home )", "action_flag": 1, "change_message": "[{\"added\": {}}]"}}, {"model": "admin.logentry", "pk": 21, "fields": {"action_time": "2019-06-05T18:51:44.589Z", "user": 1, "content_type": 6, "object_id": "10", "object_repr": " \u0412\u0430\u0437\u0430 ( Office )", "action_flag": 1, "change_message": "[{\"added\": {}}]"}}, {"model": "admin.logentry", "pk": 22, "fields": {"action_time": "2019-06-06T12:34:19.047Z", "user": 1, "content_type": 8, "object_id": "1", "object_repr": "django", "action_flag": 2, "change_message": "[{\"changed\": {\"fields\": [\"first_name\"]}}]"}}, {"model": "admin.logentry", "pk": 23, "fields": {"action_time": "2019-06-12T10:40:32.747Z", "user": 1, "content_type": 6, "object_id": "4", "object_repr": " \u0427\u0430\u0439\u043d\u0438\u043a ( Classic )", "action_flag": 2, "change_message": "[{\"changed\": {\"fields\": [\"category\"]}}]"}}, {"model": "admin.logentry", "pk": 24, "fields": {"action_time": "2019-06-12T10:41:10.409Z", "user": 1, "content_type": 6, "object_id": "5", "object_repr": " \u041b\u0430\u043c\u043f\u0430 ( Home )", "action_flag": 2, "change_message": "[{\"changed\": {\"fields\": [\"category\"]}}]"}}, {"model": "admin.logentry", "pk": 25, "fields": {"action_time": "2019-06-12T10:41:42.608Z", "user": 1, "content_type": 7, "object_id": "4", "object_repr": "Furniture", "action_flag": 3, "change_message": ""}}, {"model": "admin.logentry", "pk": 26, "fields": {"action_time": "2019-06-12T10:45:59.511Z", "user": 1, "content_type": 6, "object_id": "8", "object_repr": " \u0421\u0432\u0435\u0442\u0438\u043b\u044c\u043d\u0438\u043a \u043d\u0430 \u0441\u0442\u0435\u043d\u0443 ( Office )", "action_flag": 2, "change_message": "[{\"changed\": {\"fields\": [\"category\"]}}]"}}, {"model": "admin.logentry", "pk": 27, "fields": {"action_time": "2019-06-25T16:21:09.011Z", "user": 1, "content_type": 8, "object_id": "9", "object_repr": "aaa1", "action_flag": 3, "change_message": ""}}, {"model": "admin.logentry", "pk": 28, "fields": {"action_time": "2019-06-25T16:21:30.533Z", "user": 1, "content_type": 8, "object_id": "8", "object_repr": "qq5", "action_flag": 3, "change_message": ""}}, {"model": "admin.logentry", "pk": 29, "fields": {"action_time": "2019-06-25T16:21:30.536Z", "user": 1, "content_type": 8, "object_id": "7", "object_repr": "qq4", "action_flag": 3, "change_message": ""}}, {"model": "admin.logentry", "pk": 30, "fields": {"action_time": "2019-06-25T16:21:30.538Z", "user": 1, "content_type": 8, "object_id": "6", "object_repr": "qq3", "action_flag": 3, "change_message": ""}}, {"model": "admin.logentry", "pk": 31, "fields": {"action_time": "2019-06-25T16:21:30.542Z", "user": 1, "content_type": 8, "object_id": "5", "object_repr": "qq2", "action_flag": 3, "change_message": ""}}, {"model": "admin.logentry", "pk": 32, "fields": {"action_time": "2019-06-25T16:21:30.544Z", "user": 1, "content_type": 8, "object_id": "4", "object_repr": "qqq1", "action_flag": 3, "change_message": ""}}, {"model": "admin.logentry", "pk": 33, "fields": {"action_time": "2019-06-25T16:21:30.548Z", "user": 1, "content_type": 8, "object_id": "3", "object_repr": "user1", "action_flag": 3, "change_message": ""}}, {"model": "admin.logentry", "pk": 34, "fields": {"action_time": "2019-06-26T09:59:37.052Z", "user": 1, "content_type": 8, "object_id": "3", "object_repr": "id550583125", "action_flag": 3, "change_message": ""}}, {"model": "admin.logentry", "pk": 35, "fields": {"action_time": "2019-06-26T10:06:15.388Z", "user": 1, "content_type": 8, "object_id": "2", "object_repr": "VIP324", "action_flag": 2, "change_message": "[{\"changed\": {\"fields\": [\"email\"]}}]"}}, {"model": "admin.logentry", "pk": 36, "fields": {"action_time": "2019-06-26T10:34:03.430Z", "user": 1, "content_type": 8, "object_id": "13", "object_repr": "id457388826", "action_flag": 3, "change_message": ""}}, {"model": "admin.logentry", "pk": 37, "fields": {"action_time": "2019-07-03T10:44:13.958Z", "user": 1, "content_type": 6, "object_id": "11", "object_repr": " GeekGood ( Home, 100 )", "action_flag": 1, "change_message": "[{\"added\": {}}]"}}, {"model": "admin.logentry", "pk": 38, "fields": {"action_time": "2019-07-03T11:28:16.825Z", "user": 1, "content_type": 9, "object_id": "48", "object_repr": "Basket object (48)", "action_flag": 3, "change_message": ""}}, {"model": "admin.logentry", "pk": 39, "fields": {"action_time": "2019-07-03T11:28:16.830Z", "user": 1, "content_type": 9, "object_id": "15", "object_repr": "Basket object (15)", "action_flag": 3, "change_message": ""}}, {"model": "admin.logentry", "pk": 40, "fields": {"action_time": "2019-07-03T11:28:16.834Z", "user": 1, "content_type": 9, "object_id": "14", "object_repr": "Basket object (14)", "action_flag": 3, "change_message": ""}}, {"model": "admin.logentry", "pk": 41, "fields": {"action_time": "2019-07-03T11:29:03.375Z", "user": 1, "content_type": 9, "object_id": "49", "object_repr": "Basket object (49)", "action_flag": 1, "change_message": "[{\"added\": {}}]"}}, {"model": "admin.logentry", "pk": 42, "fields": {"action_time": "2019-07-03T11:29:24.138Z", "user": 1, "content_type": 9, "object_id": "49", "object_repr": "Basket object (49)", "action_flag": 3, "change_message": ""}}, {"model": "admin.logentry", "pk": 43, "fields": {"action_time": "2019-07-03T11:55:55.982Z", "user": 1, "content_type": 9, "object_id": "50", "object_repr": "Basket object (50)", "action_flag": 1, "change_message": "[{\"added\": {}}]"}}, {"model": "admin.logentry", "pk": 44, "fields": {"action_time": "2019-07-03T11:56:18.524Z", "user": 1, "content_type": 9, "object_id": "50", "object_repr": "Basket object (50)", "action_flag": 2, "change_message": "[{\"changed\": {\"fields\": [\"quantity\"]}}]"}}]